{
  "losses": [
    1.232275377066009,
    1.2127907484959894
  ],
  "epochs": 2,
  "learning_rate": 0.0001,
  "model_name": "Qwen/Qwen3-4B-Instruct-2507"
}